commentNum,href,id,image,introduce,name,quote,star
1074461,https://movie.douban.com/subject/1292052/,1,https://img3.doubanio.com/view/photo/s_ratio_poster/public/p480747492.jpg,导演:弗兰克·德拉邦特FrankDarabont主演:蒂姆·罗宾斯TimRobbins/...1994/美国/犯罪剧情,肖申克的救赎,none,9.6
783664,https://movie.douban.com/subject/1291546/,2,https://img3.doubanio.com/view/photo/s_ratio_poster/public/p1910813120.jpg,导演:陈凯歌KaigeChen主演:张国荣LeslieCheung/张丰毅FengyiZha...1993/中国大陆香港/剧情爱情同性,霸王别姬,none,9.5
1000026,https://movie.douban.com/subject/1295644/,3,https://img3.doubanio.com/view/photo/s_ratio_poster/public/p511118051.jpg,导演:吕克·贝松LucBesson主演:让·雷诺JeanReno/娜塔莉·波特曼...1994/法国/剧情动作犯罪,这个杀手不太冷,none,9.4
852132,https://movie.douban.com/subject/1292720/,4,https://img1.doubanio.com/view/photo/s_ratio_poster/public/p510876377.jpg,导演:RobertZemeckis主演:TomHanks/RobinWrightPenn/GarySinise1994/美国/剧情爱情,阿甘正传,none,9.4
497931,https://movie.douban.com/subject/1292063/,5,https://img3.doubanio.com/view/photo/s_ratio_poster/public/p510861873.jpg,导演:罗伯托·贝尼尼RobertoBenigni主演:罗伯托·贝尼尼RobertoBeni...1997/意大利/剧情喜剧爱情战争,美丽人生,none,9.5
791535,https://movie.douban.com/subject/1292722/,6,https://img3.doubanio.com/view/photo/s_ratio_poster/public/p457760035.jpg,导演:詹姆斯·卡梅隆JamesCameron主演:莱昂纳多·迪卡普里奥Leonardo...1997/美国/剧情爱情灾难,泰坦尼克号,none,9.3
796699,https://movie.douban.com/subject/1291561/,7,https://img3.doubanio.com/view/photo/s_ratio_poster/public/p1606727862.jpg,导演:宫崎骏HayaoMiyazaki主演:柊瑠美RumiHîragi/入野自由Miy...2001/日本/剧情动画奇幻,千与千寻,none,9.3
451746,https://movie.douban.com/subject/1295124/,8,https://img3.doubanio.com/view/photo/s_ratio_poster/public/p492406163.jpg,导演:史蒂文·斯皮尔伯格StevenSpielberg主演:连姆·尼森LiamNeeson...1993/美国/剧情历史战争,辛德勒的名单,none,9.4
885502,https://movie.douban.com/subject/3541415/,9,https://img3.doubanio.com/view/photo/s_ratio_poster/public/p513344864.jpg,导演:克里斯托弗·诺兰ChristopherNolan主演:莱昂纳多·迪卡普里奥Le...2010/美国英国/剧情科幻悬疑冒险,盗梦空间,none,9.3
581457,https://movie.douban.com/subject/2131459/,10,https://img3.doubanio.com/view/photo/s_ratio_poster/public/p1461851991.jpg,导演:安德鲁·斯坦顿AndrewStanton主演:本·贝尔特BenBurtt/艾丽...2008/美国/爱情科幻动画冒险,机器人总动员,none,9.3
797600,https://movie.douban.com/subject/3793023/,11,https://img3.doubanio.com/view/photo/s_ratio_poster/public/p579729551.jpg,导演:拉库马·希拉尼RajkumarHirani主演:阿米尔·汗AamirKhan/卡...2009/印度/剧情喜剧爱情歌舞,三傻大闹宝莱坞,none,9.2
677858,https://movie.douban.com/subject/1292001/,12,https://img1.doubanio.com/view/photo/s_ratio_poster/public/p511146807.jpg,导演:朱塞佩·托纳多雷GiuseppeTornatore主演:蒂姆·罗斯TimRoth/...1998/意大利/剧情音乐,海上钢琴师,none,9.2
556491,https://movie.douban.com/subject/3011091/,13,https://img3.doubanio.com/view/photo/s_ratio_poster/public/p524964016.jpg,导演:莱塞·霍尔斯道姆LasseHallström主演:理查·基尔RichardGer...2009/美国英国/剧情,忠犬八公的故事,none,9.2
535784,https://movie.douban.com/subject/1291549/,14,https://img3.doubanio.com/view/photo/s_ratio_poster/public/p1910824951.jpg,导演:克里斯托夫·巴拉蒂ChristopheBarratier主演:杰拉尔·朱诺Géra...2004/法国瑞士德国/剧情音乐,放牛班的春天,none,9.2
587750,https://movie.douban.com/subject/1292213/,15,https://img3.doubanio.com/view/photo/s_ratio_poster/public/p2455050536.jpg,导演:刘镇伟JeffreyLau主演:周星驰StephenChow/吴孟达ManTatNg...1995/香港中国大陆/喜剧爱情奇幻冒险,大话西游之大圣娶亲,none,9.2
562112,https://movie.douban.com/subject/1292064/,16,https://img3.doubanio.com/view/photo/s_ratio_poster/public/p479682972.jpg,导演:彼得·威尔PeterWeir主演:金·凯瑞JimCarrey/劳拉·琳妮Lau...1998/美国/剧情科幻,楚门的世界,none,9.1
494038,https://movie.douban.com/subject/1291560/,17,https://img1.doubanio.com/view/photo/s_ratio_poster/public/p537668599.jpg,导演:宫崎骏HayaoMiyazaki主演:日高法子NorikoHidaka/坂本千夏Ch...1988/日本/儿童动画奇幻家庭,龙猫,none,9.1
400196,https://movie.douban.com/subject/1291841/,18,https://img3.doubanio.com/view/photo/s_ratio_poster/public/p2190556185.jpg,导演:弗朗西斯·福特·科波拉FrancisFordCoppola主演:马龙·白兰度M...1972/美国/剧情犯罪,教父,none,9.2
587899,https://movie.douban.com/subject/1889243/,19,https://img3.doubanio.com/view/photo/s_ratio_poster/public/p2206088801.jpg,导演:克里斯托弗·诺兰ChristopherNolan主演:马修·麦康纳MatthewMc...2014/美国英国加拿大冰岛/剧情科幻冒险,星际穿越,none,9.2
326219,https://movie.douban.com/subject/5912992/,20,https://img3.doubanio.com/view/photo/s_ratio_poster/public/p1363250216.jpg,导演:黄东赫Dong-hyukHwang主演:孔侑YooGong/郑有美Yu-miJeong...2011/韩国/剧情,熔炉,none,9.2
433555,https://movie.douban.com/subject/6786002/,21,https://img3.doubanio.com/view/photo/s_ratio_poster/public/p1454261925.jpg,导演:奥利维·那卡什OlivierNakache/艾力克·托兰达EricToledano主...2011/法国/剧情喜剧,触不可及,none,9.2
309605,https://movie.douban.com/subject/1300267/,22,https://img3.doubanio.com/view/photo/s_ratio_poster/public/p1963126880.jpg,导演:维克多·弗莱明VictorFleming/乔治·库克GeorgeCukor主演:费...1939/美国/剧情历史爱情战争,乱世佳人,none,9.2
479215,https://movie.douban.com/subject/1307914/,23,https://img3.doubanio.com/view/photo/s_ratio_poster/public/p2233971046.jpg,导演:刘伟强/麦兆辉主演:刘德华/梁朝伟/黄秋生2002/香港/剧情犯罪悬疑,无间道,none,9.1
632869,https://movie.douban.com/subject/1849031/,24,https://img3.doubanio.com/view/photo/s_ratio_poster/public/p1312700744.jpg,导演:加布里尔·穆奇诺GabrieleMuccino主演:威尔·史密斯WillSmith...2006/美国/剧情传记家庭,当幸福来敲门,none,8.9
668397,https://movie.douban.com/subject/3319755/,25,https://img3.doubanio.com/view/photo/s_ratio_poster/public/p663036666.jpg,导演:罗伯·莱纳RobReiner主演:玛德琳·卡罗尔MadelineCarroll/卡...2010/美国/剧情喜剧爱情,怦然心动,none,8.9
347355,https://movie.douban.com/subject/1291828/,26,https://img3.doubanio.com/view/photo/s_ratio_poster/public/p1910901025.jpg,导演:朱塞佩·托纳多雷GiuseppeTornatore主演:安东娜拉·塔莉Antonel...1988/意大利法国/剧情爱情,天堂电影院,none,9.1
198318,https://movie.douban.com/subject/1293182/,27,https://img3.doubanio.com/view/photo/s_ratio_poster/public/p2173577632.jpg,导演:SidneyLumet主演:亨利·方达HenryFonda/马丁·鲍尔萨姆Marti...1957/美国/剧情,十二怒汉,none,9.4
274006,https://movie.douban.com/subject/1291858/,28,https://img3.doubanio.com/view/photo/s_ratio_poster/public/p1181775734.jpg,导演:姜文WenJiang主演:姜文WenJiang/香川照之TeruyukiKagawa/...2000/中国大陆/剧情历史战争,鬼子来了,none,9.2
663537,https://movie.douban.com/subject/1929463/,29,https://img3.doubanio.com/view/photo/s_ratio_poster/public/p1784592701.jpg,导演:李安AngLee主演:苏拉·沙玛SurajSharma/伊尔凡·可汗Irrfan...2012/美国台湾英国加拿大/剧情奇幻冒险,少年派的奇幻漂流,none,9.0
386542,https://movie.douban.com/subject/1851857/,30,https://img3.doubanio.com/view/photo/s_ratio_poster/public/p462657443.jpg,导演:克里斯托弗·诺兰ChristopherNolan主演:克里斯蒂安·贝尔Christ...2008/美国英国/剧情动作科幻犯罪惊悚,蝙蝠侠：黑暗骑士,none,9.1
321556,https://movie.douban.com/subject/1292365/,31,https://img3.doubanio.com/view/photo/s_ratio_poster/public/p2513253791.jpg,导演:张艺谋YimouZhang主演:葛优YouGe/巩俐LiGong/姜武WuJiang1994/中国大陆香港/剧情历史家庭,活着,none,9.1
445236,https://movie.douban.com/subject/1292000/,32,https://img1.doubanio.com/view/photo/s_ratio_poster/public/p1910926158.jpg,导演:大卫·芬奇DavidFincher主演:爱德华·诺顿EdwardNorton/布拉...1999/美国德国/剧情动作悬疑惊悚,搏击俱乐部,none,9.0
325995,https://movie.douban.com/subject/1291552/,33,https://img3.doubanio.com/view/photo/s_ratio_poster/public/p1910825503.jpg,导演:彼得·杰克逊PeterJackson主演:维果·莫腾森ViggoMortensen/...2003/美国新西兰/剧情动作奇幻冒险,指环王3：王者无敌,none,9.1
620310,https://movie.douban.com/subject/25662329/,34,https://img1.doubanio.com/view/photo/s_ratio_poster/public/p2315672647.jpg,导演:拜伦·霍华德ByronHoward/瑞奇·摩尔RichMoore主演:金妮弗·...2016/美国/喜剧动画冒险,疯狂动物城,none,9.1
383650,https://movie.douban.com/subject/1291583/,35,https://img1.doubanio.com/view/photo/s_ratio_poster/public/p1446261379.jpg,导演:宫崎骏HayaoMiyazaki主演:田中真弓MayumiTanaka/横泽启子Ke...1986/日本/动画奇幻冒险,天空之城,none,9.0
473162,https://movie.douban.com/subject/1299398/,36,https://img3.doubanio.com/view/photo/s_ratio_poster/public/p1280323646.jpg,导演:刘镇伟JeffreyLau主演:周星驰StephenChow/吴孟达ManTatNg...1995/香港中国大陆/喜剧爱情奇幻冒险,大话西游之月光宝盒,none,8.9
441371,https://movie.douban.com/subject/1293839/,37,https://img3.doubanio.com/view/photo/s_ratio_poster/public/p2189265085.jpg,导演:威廉·惠勒WilliamWyler主演:奥黛丽·赫本AudreyHepburn/格...1953/美国/喜剧剧情爱情,罗马假日,none,8.9
575623,https://movie.douban.com/subject/2129039/,38,https://img3.doubanio.com/view/photo/s_ratio_poster/public/p2364094053.jpg,导演:彼特·道格特PeteDocter/鲍勃·彼德森BobPeterson主演:爱德...2009/美国/剧情喜剧动画冒险,飞屋环游记,none,8.9
121922,https://movie.douban.com/subject/1296141/,39,https://img1.doubanio.com/view/photo/s_ratio_poster/public/p1505392928.jpg,导演:比利·怀尔德BillyWilder主演:查尔斯·劳顿CharlesLaughton/...1957/美国/剧情犯罪悬疑,控方证人,none,9.6
259546,https://movie.douban.com/subject/1900841/,40,https://img1.doubanio.com/view/photo/s_ratio_poster/public/p1808872109.jpg,导演:弗洛里安·亨克尔·冯·多纳斯马FlorianHenckelvonDonnersmarck...2006/德国/剧情悬疑,窃听风暴,none,9.1
305374,https://movie.douban.com/subject/1293350/,41,https://img1.doubanio.com/view/photo/s_ratio_poster/public/p792443418.jpg,导演:GuyRitchie主演:JasonFlemyng/DexterFletcher/NickMoran1998/英国/剧情喜剧犯罪,两杆大烟枪,none,9.1
310129,https://movie.douban.com/subject/1292224/,42,https://img1.doubanio.com/view/photo/s_ratio_poster/public/p792238287.jpg,导演:米洛斯·福尔曼MilošForman主演:杰克·尼科尔森JackNichols...1975/美国/剧情,飞越疯人院,none,9.0
373268,https://movie.douban.com/subject/1298624/,43,https://img1.doubanio.com/view/photo/s_ratio_poster/public/p925123037.jpg,导演:马丁·布莱斯MartinBrest主演:阿尔·帕西诺AlPacino/克里斯...1992/美国/剧情,闻香识女人,none,8.9
410742,https://movie.douban.com/subject/1308807/,44,https://img3.doubanio.com/view/photo/s_ratio_poster/public/p2174346180.jpg,导演:宫崎骏HayaoMiyazaki主演:倍赏千惠子ChiekoBaishô/木村拓...2004/日本/动画奇幻冒险,哈尔的移动城堡,none,8.9
251717,https://movie.douban.com/subject/21937445/,45,https://img3.doubanio.com/view/photo/s_ratio_poster/public/p2158166535.jpg,导演:杨宇硕Woo-seokYang主演:宋康昊Kang-hoSong/吴达洙Dal-suO...2013/韩国/剧情,辩护人,none,9.2
202062,https://movie.douban.com/subject/3442220/,46,https://img3.doubanio.com/view/photo/s_ratio_poster/public/p455222172.jpg,导演:LouiePsihoyos主演:JohnChisholm/Mandy-RaeCruikshank/Char...2009/美国/纪录片,海豚湾,none,9.3
483223,https://movie.douban.com/subject/1309046/,47,https://img3.doubanio.com/view/photo/s_ratio_poster/public/p1465235231.jpg,导演:詹姆斯·麦克特格JamesMcTeigue主演:娜塔莉·波特曼NataliePor...2005/美国英国德国/剧情动作科幻惊悚,V字仇杀队,none,8.8
321400,https://movie.douban.com/subject/1291548/,48,https://img3.doubanio.com/view/photo/s_ratio_poster/public/p1910824340.jpg,导演:彼得·威尔PeterWeir主演:罗宾·威廉姆斯RobinWilliams/罗伯...1989/美国/剧情,死亡诗社,none,9.0
215854,https://movie.douban.com/subject/1299131/,49,https://img1.doubanio.com/view/photo/s_ratio_poster/public/p2194138787.jpg,导演:弗朗西斯·福特·科波拉FrancisFordCoppola主演:阿尔·帕西诺A...1974/美国/剧情犯罪,教父2,none,9.1
345428,https://movie.douban.com/subject/1306029/,50,https://img3.doubanio.com/view/photo/s_ratio_poster/public/p1665997400.jpg,导演:朗·霍华德RonHoward主演:罗素·克劳RussellCrowe/艾德·哈...2001/美国/传记剧情,美丽心灵,none,8.9
306373,https://movie.douban.com/subject/1291572/,51,https://img3.doubanio.com/view/photo/s_ratio_poster/public/p909265336.jpg,导演:彼得·杰克逊PeterJackson主演:伊利亚·伍德ElijahWood/西恩...2002/美国新西兰/剧情动作奇幻冒险,指环王2：双塔奇兵,none,9.0
343008,https://movie.douban.com/subject/1291571/,52,https://img3.doubanio.com/view/photo/s_ratio_poster/public/p1354436051.jpg,导演:彼得·杰克逊PeterJackson主演:伊利亚·伍德ElijahWood/西恩...2001/新西兰美国/剧情动作奇幻冒险,指环王1：魔戒再现,none,8.9
234777,https://movie.douban.com/subject/1291818/,53,https://img3.doubanio.com/view/photo/s_ratio_poster/public/p1910899751.jpg,导演:李安AngLee主演:郎雄SihungLung/杨贵媚Kuei-MeiYang/吴...1994/台湾美国/剧情家庭,饮食男女,none,9.1
551596,https://movie.douban.com/subject/26387939/,54,https://img3.doubanio.com/view/photo/s_ratio_poster/public/p2457983084.jpg,导演:涅提·蒂瓦里NiteshTiwari主演:阿米尔·汗AamirKhan/法缇玛...2016/印度/剧情传记运动家庭,摔跤吧！爸爸,none,9.1
425382,https://movie.douban.com/subject/1292220/,55,https://img1.doubanio.com/view/photo/s_ratio_poster/public/p449897379.jpg,导演:岩井俊二ShunjiIwai主演:中山美穗MihoNakayama/丰川悦司Ets...1995/日本/剧情爱情,情书,none,8.8
198269,https://movie.douban.com/subject/1292262/,56,https://img1.doubanio.com/view/photo/s_ratio_poster/public/p477229647.jpg,导演:赛尔乔·莱翁内SergioLeone主演:罗伯特·德尼罗RobertDeNiro...1984/意大利美国/犯罪剧情,美国往事,none,9.1
320666,https://movie.douban.com/subject/1301753/,57,https://img1.doubanio.com/view/photo/s_ratio_poster/public/p726659067.jpg,导演:RogerAllers/罗伯·明可夫RobMinkoff主演:乔纳森·泰勒·托马...1994/美国/剧情动画冒险歌舞家庭,狮子王,none,8.9
227610,https://movie.douban.com/subject/1296736/,58,https://img3.doubanio.com/view/photo/s_ratio_poster/public/p792484461.jpg,导演:罗曼·波兰斯基RomanPolanski主演:艾德里安·布洛迪AdrienBrod...2002/法国德国英国波兰/剧情传记历史战争音乐,钢琴家,none,9.0
217052,https://movie.douban.com/subject/21937452/,59,https://img3.doubanio.com/view/photo/s_ratio_poster/public/p2118532944.jpg,导演:李濬益Jun-ikLee主演:薛景求Kyung-guSol/严志媛Ji-wonUhm...2013/韩国/剧情,素媛,none,9.1
535045,https://movie.douban.com/subject/1292215/,60,https://img3.doubanio.com/view/photo/s_ratio_poster/public/p803896904.jpg,导演:让-皮埃尔·热内Jean-PierreJeunet主演:奥黛丽·塔图AudreyTau...2001/法国德国/喜剧爱情,天使爱美丽,none,8.7
160865,https://movie.douban.com/subject/1303021/,61,https://img3.doubanio.com/view/photo/s_ratio_poster/public/p2173580603.jpg,导演:马基德·马基迪MajidMajidi主演:AmirFarrokhHashemian/默罕...1997/伊朗/剧情家庭儿童,小鞋子,none,9.2
481975,https://movie.douban.com/subject/1292223/,62,https://img3.doubanio.com/view/photo/s_ratio_poster/public/p457631605.jpg,导演:大卫·芬奇DavidFincher主演:摩根·弗里曼MorganFreeman/布...1995/美国/剧情犯罪悬疑惊悚,七宗罪,none,8.7
335380,https://movie.douban.com/subject/1787291/,63,https://img1.doubanio.com/view/photo/s_ratio_poster/public/p453723669.jpg,导演:中岛哲也TetsuyaNakashima主演:中谷美纪MikiNakatani/瑛太E...2006/日本/剧情歌舞,被嫌弃的松子的一生,none,8.9
388722,https://movie.douban.com/subject/1780330/,64,https://img3.doubanio.com/view/photo/s_ratio_poster/public/p480383375.jpg,导演:克里斯托弗·诺兰ChristopherNolan主演:休·杰克曼HughJackman...2006/美国英国/剧情悬疑惊悚,致命魔术,none,8.8
441245,https://movie.douban.com/subject/1485260/,65,https://img3.doubanio.com/view/photo/s_ratio_poster/public/p2192535722.jpg,导演:大卫·芬奇DavidFincher主演:凯特·布兰切特CateBlanchett/...2008/美国/剧情爱情奇幻,本杰明·巴顿奇事,none,8.8
259225,https://movie.douban.com/subject/1294408/,66,https://img1.doubanio.com/view/photo/s_ratio_poster/public/p453788577.jpg,导演:RobertWise主演:朱丽·安德鲁斯JulieAndrews/克里斯托弗·普...1965/美国/剧情传记爱情歌舞,音乐之声,none,8.9
323124,https://movie.douban.com/subject/1294639/,67,https://img3.doubanio.com/view/photo/s_ratio_poster/public/p1374546770.jpg,导演:梅尔·吉布森MelGibson主演:梅尔·吉布森MelGibson/苏菲·玛...1995/美国/动作传记剧情历史战争,勇敢的心,none,8.8
403357,https://movie.douban.com/subject/1292402/,68,https://img3.doubanio.com/view/photo/s_ratio_poster/public/p792400696.jpg,导演:朱塞佩·托纳多雷GiuseppeTornatore主演:莫妮卡·贝鲁奇Monica...2000/意大利美国/剧情战争情色,西西里的美丽传说,none,8.8
540148,https://movie.douban.com/subject/1292370/,69,https://img1.doubanio.com/view/photo/s_ratio_poster/public/p480956937.jpg,导演:TimBurton主演:约翰尼·德普JohnnyDepp/薇诺娜·瑞德Winona...1990/美国/剧情奇幻爱情,剪刀手爱德华,none,8.7
319051,https://movie.douban.com/subject/1291843/,70,https://img1.doubanio.com/view/photo/s_ratio_poster/public/p451926968.jpg,导演:安迪·沃卓斯基AndyWachowski/拉娜·沃卓斯基LanaWachowski主...1999/美国澳大利亚/动作科幻,黑客帝国,none,8.8
378712,https://movie.douban.com/subject/1291832/,71,https://img3.doubanio.com/view/photo/s_ratio_poster/public/p1910902213.jpg,导演:昆汀·塔伦蒂诺QuentinTarantino主演:约翰·特拉沃尔塔JohnTra...1994/美国/剧情喜剧犯罪,低俗小说,none,8.8
272554,https://movie.douban.com/subject/1292849/,72,https://img3.doubanio.com/view/photo/s_ratio_poster/public/p1014542496.jpg,导演:史蒂文·斯皮尔伯格StevenSpielberg主演:汤姆·汉克斯TomHanks...1998/美国/剧情历史战争,拯救大兵瑞恩,none,8.9
395713,https://movie.douban.com/subject/1293544/,73,https://img1.doubanio.com/view/photo/s_ratio_poster/public/p1593414327.jpg,导演:乔纳森·戴米JonathanDemme主演:朱迪·福斯特JodieFoster/安...1991/美国/剧情犯罪惊悚,沉默的羔羊,none,8.7
710030,https://movie.douban.com/subject/3742360/,74,https://img1.doubanio.com/view/photo/s_ratio_poster/public/p1512562287.jpg,导演:姜文WenJiang主演:姜文WenJiang/葛优YouGe/周润发Yun-F...2010/中国大陆香港/剧情喜剧动作西部,让子弹飞,none,8.7
408856,https://movie.douban.com/subject/26580232/,75,https://img3.doubanio.com/view/photo/s_ratio_poster/public/p2498971355.jpg,导演:奥里奥尔·保罗OriolPaulo主演:马里奥·卡萨斯MarioCasas/阿...2016/西班牙/剧情犯罪悬疑惊悚,看不见的客人,none,8.7
428171,https://movie.douban.com/subject/1292343/,76,https://img1.doubanio.com/view/photo/s_ratio_poster/public/p2209066019.jpg,导演:埃里克·布雷斯EricBress/J·麦基·格鲁伯J.MackyeGruber主...2004/美国加拿大/剧情悬疑科幻惊悚,蝴蝶效应,none,8.7
346360,https://movie.douban.com/subject/2149806/,77,https://img1.doubanio.com/view/photo/s_ratio_poster/public/p594972928.jpg,导演:泷田洋二郎YôjirôTakita主演:本木雅弘MasahiroMotoki/...2008/日本/剧情,入殓师,none,8.8
281261,https://movie.douban.com/subject/1292679/,78,https://img3.doubanio.com/view/photo/s_ratio_poster/public/p465939041.jpg,导演:王家卫KarWaiWong主演:张国荣LeslieCheung/梁朝伟TonyLeu...1997/香港日本韩国/剧情爱情同性,春光乍泄,none,8.8
117881,https://movie.douban.com/subject/1418019/,79,https://img1.doubanio.com/view/photo/s_ratio_poster/public/p2184505167.jpg,导演:万籁鸣LaimingWan/唐澄ChengTang主演:邱岳峰YuefengQiu/...1961(中国大陆)/1964(中国大陆)/1978(中国大陆)/2004(中国大陆)/中国大陆/动画奇幻,大闹天宫,none,9.3
201673,https://movie.douban.com/subject/1293172/,80,https://img3.doubanio.com/view/photo/s_ratio_poster/public/p452088641.jpg,导演:贝纳尔多·贝托鲁奇BernardoBertolucci主演:尊龙JohnLone/陈...1987/意大利中国大陆英国法国/剧情传记历史,末代皇帝,none,9.0
250014,https://movie.douban.com/subject/3072124/,81,https://img1.doubanio.com/view/photo/s_ratio_poster/public/p1820615077.jpg,导演:亚当·艾略特AdamElliot主演:托妮·科莱特ToniCollette/菲利...2009/澳大利亚/剧情动画,玛丽和马克思,none,8.9
306631,https://movie.douban.com/subject/1292656/,82,https://img3.doubanio.com/view/photo/s_ratio_poster/public/p480965695.jpg,导演:格斯·范·桑特GusVanSant主演:马特·达蒙MattDamon/罗宾·...1997/美国/剧情,心灵捕手,none,8.8
305825,https://movie.douban.com/subject/1291875/,83,https://img1.doubanio.com/view/photo/s_ratio_poster/public/p967457079.jpg,导演:姜文WenJiang主演:夏雨YuXia/宁静JingNing/陶虹HongTao1994/中国大陆香港/剧情,阳光灿烂的日子,none,8.8
262624,https://movie.douban.com/subject/1297359/,84,https://img3.doubanio.com/view/photo/s_ratio_poster/public/p1613191025.jpg,导演:宫崎骏HayaoMiyazaki主演:松田洋治YôjiMatsuda/石田百合...1997/日本/动作爱情战争动画奇幻冒险,幽灵公主,none,8.8
261109,https://movie.douban.com/subject/1297630/,85,https://img3.doubanio.com/view/photo/s_ratio_poster/public/p2220184425.jpg,导演:M·奈特·沙马兰M.NightShyamalan主演:布鲁斯·威利斯BruceWi...1999/美国/剧情悬疑惊悚,第六感,none,8.8
363966,https://movie.douban.com/subject/11525673/,86,https://img3.doubanio.com/view/photo/s_ratio_poster/public/p2178872593.jpg,导演:韦斯·安德森WesAnderson主演:拉尔夫·费因斯RalphFiennes/...2014/美国德国英国/剧情喜剧冒险,布达佩斯大饭店,none,8.8
373294,https://movie.douban.com/subject/1291999/,87,https://img3.doubanio.com/view/photo/s_ratio_poster/public/p792381411.jpg,导演:王家卫KarWaiWong主演:林青霞BrigitteLin/金城武TakeshiK...1994/香港/剧情爱情,重庆森林,none,8.7
300350,https://movie.douban.com/subject/1295038/,88,https://img3.doubanio.com/view/photo/s_ratio_poster/public/p804947166.jpg,导演:ChrisColumbus主演:DanielRadcliffe/EmmaWatson/RupertGrint2001/美国英国/奇幻冒险,哈利·波特与魔法石,none,8.7
404987,https://movie.douban.com/subject/2334904/,89,https://img1.doubanio.com/view/photo/s_ratio_poster/public/p1832875827.jpg,导演:MartinScorsese主演:莱昂纳多·迪卡普里奥LeonardoDiCaprio/...2010/美国/剧情悬疑惊悚,禁闭岛,none,8.7
149555,https://movie.douban.com/subject/6985810/,90,https://img1.doubanio.com/view/photo/s_ratio_poster/public/p1546987967.jpg,导演:托马斯·温特伯格ThomasVinterberg主演:麦斯·米科尔森MadsMik...2012/丹麦瑞典/剧情,狩猎,none,9.0
265431,https://movie.douban.com/subject/1305487/,91,https://img3.doubanio.com/view/photo/s_ratio_poster/public/p453924541.jpg,导演:史蒂文·斯皮尔伯格StevenSpielberg主演:莱昂纳多·迪卡普里奥L...2002/美国加拿大/传记犯罪剧情,猫鼠游戏,none,8.8
280436,https://movie.douban.com/subject/1291545/,92,https://img3.doubanio.com/view/photo/s_ratio_poster/public/p692813374.jpg,导演:蒂姆·波顿TimBurton主演:伊万·麦克格雷格EwanMcGregor/阿...2003/美国/剧情家庭奇幻冒险,大鱼,none,8.7
356730,https://movie.douban.com/subject/1297192/,93,https://img3.doubanio.com/view/photo/s_ratio_poster/public/p453720880.jpg,导演:JamesMangold主演:JohnCusack/RayLiotta/AmandaPeet2003/美国/剧情悬疑惊悚,致命ID,none,8.7
356376,https://movie.douban.com/subject/1418834/,94,https://img1.doubanio.com/view/photo/s_ratio_poster/public/p513535588.jpg,导演:李安AngLee主演:希斯·莱杰HeathLedger/杰克·吉伦哈尔Jake...2005/美国加拿大/剧情爱情同性家庭,断背山,none,8.7
255650,https://movie.douban.com/subject/1305164/,95,https://img3.doubanio.com/view/photo/s_ratio_poster/public/p1962839732.jpg,导演:陈可辛PeterChan主演:黎明LeonLai/张曼玉MaggieCheung/...1996/香港/剧情爱情,甜蜜蜜,none,8.8
306660,https://movie.douban.com/subject/1316510/,96,https://img3.doubanio.com/view/photo/s_ratio_poster/public/p1993903133.jpg,导演:刘镇伟JeffreyLau主演:梁朝伟TonyLeungChiuWai/林青霞Bri...1993/香港/喜剧古装,射雕英雄传之东成西就,none,8.7
172573,https://movie.douban.com/subject/1292434/,97,https://img1.doubanio.com/view/photo/s_ratio_poster/public/p2119675128.jpg,导演:杨德昌EdwardYang主演:吴念真/李凯莉KellyLee/金燕玲Elai...2000/台湾日本/剧情爱情家庭,一一,none,8.9
379473,https://movie.douban.com/subject/4268598/,98,https://img3.doubanio.com/view/photo/s_ratio_poster/public/p689520756.jpg,导演:中岛哲也TetsuyaNakashima主演:松隆子TakakoMatsu/冈田将生...2010/日本/剧情惊悚,告白,none,8.7
387463,https://movie.douban.com/subject/1298070/,99,https://img3.doubanio.com/view/photo/s_ratio_poster/public/p1596085504.jpg,导演:戈尔·维宾斯基GoreVerbinski主演:约翰尼·德普JohnnyDepp/...2003/美国/动作冒险奇幻,加勒比海盗,none,8.6
299251,https://movie.douban.com/subject/4917726/,100,https://img1.doubanio.com/view/photo/s_ratio_poster/public/p1374786017.jpg,导演:姜炯哲Hyeong-CheolKang主演:沈恩京Eun-kyungShim/闵孝琳Hy...2011/韩国/剧情喜剧,阳光姐妹淘,none,8.8
171597,https://movie.douban.com/subject/3008247/,101,https://img3.doubanio.com/view/photo/s_ratio_poster/public/p1473670352.jpg,导演:马克·赫门MarkHerman主演:阿沙·巴特菲尔德AsaButterfield/...2008/英国美国/剧情战争,穿条纹睡衣的男孩,none,8.9
102127,https://movie.douban.com/subject/1294371/,102,https://img3.doubanio.com/view/photo/s_ratio_poster/public/p2173707976.jpg,导演:查理·卓别林CharlesChaplin主演:查理·卓别林CharlesChaplin...1936/美国/喜剧剧情爱情,摩登时代,none,9.2
171078,https://movie.douban.com/subject/1292208/,103,https://img3.doubanio.com/view/photo/s_ratio_poster/public/p455677490.jpg,导演:KátiaLund/FernandoMeirelles主演:AlexandreRodrigues/Lea...2002/巴西法国/犯罪剧情,上帝之城,none,8.9
585345,https://movie.douban.com/subject/1652587/,104,https://img1.doubanio.com/view/photo/s_ratio_poster/public/p492458287.jpg,导演:詹姆斯·卡梅隆JamesCameron主演:萨姆·沃辛顿SamWorthington...2009/美国英国/动作战争科幻冒险,阿凡达,none,8.6
247123,https://movie.douban.com/subject/1296339/,105,https://img3.doubanio.com/view/photo/s_ratio_poster/public/p452582315.jpg,导演:理查德·林克莱特RichardLinklater主演:伊桑·霍克EthanHawke...1995/美国奥地利瑞士/剧情爱情,爱在黎明破晓前,none,8.7
400803,https://movie.douban.com/subject/21318488/,106,https://img3.doubanio.com/view/photo/s_ratio_poster/public/p2221768894.jpg,导演:大卫·芬奇DavidFincher主演:本·阿弗莱克BenAffleck/罗莎蒙...2014/美国/剧情犯罪悬疑惊悚,消失的爱人,none,8.7
194822,https://movie.douban.com/subject/1291585/,107,https://img3.doubanio.com/view/photo/s_ratio_poster/public/p1917567652.jpg,导演:宫崎骏HayaoMiyazaki主演:岛本须美SumiShimamoto/松田洋治Y...1984/日本/科幻动画奇幻冒险,风之谷,none,8.8
219959,https://movie.douban.com/subject/1291990/,108,https://img3.doubanio.com/view/photo/s_ratio_poster/public/p1910924055.jpg,导演:理查德·林克莱特RichardLinklater主演:伊桑·霍克EthanHawke...2004/美国/剧情爱情,爱在日落黄昏时,none,8.7
189535,https://movie.douban.com/subject/1297052/,109,https://img3.doubanio.com/view/photo/s_ratio_poster/public/p456692072.jpg,导演:近藤喜文YoshifumiKondo主演:本名阳子YoukoHonna/小林桂树K...1995/日本/剧情爱情动画音乐,侧耳倾听,none,8.8
195407,https://movie.douban.com/subject/5322596/,110,https://img3.doubanio.com/view/photo/s_ratio_poster/public/p1305562621.jpg,导演:托尼·凯耶TonyKaye主演:艾德里安·布洛迪AdrienBrody/马西...2011/美国/剧情,超脱,none,8.8
153267,https://movie.douban.com/subject/1865703/,111,https://img3.doubanio.com/view/photo/s_ratio_poster/public/p672363704.jpg,导演:今敏SatoshiKon主演:林原惠美MegumiHayashibara/古谷彻T...2006/日本/动画悬疑科幻惊悚,红辣椒,none,8.9
254350,https://movie.douban.com/subject/21360417/,112,https://img3.doubanio.com/view/photo/s_ratio_poster/public/p2016930906.jpg,导演:金秉祐Byeong-wooKim主演:河正宇Jung-wooHa/李璟荣Kyeong-y...2013/韩国/剧情犯罪悬疑,恐怖直播,none,8.7
287700,https://movie.douban.com/subject/1297447/,113,https://img3.doubanio.com/view/photo/s_ratio_poster/public/p2414157745.jpg,导演:程小东Siu-TungChing主演:张国荣LeslieCheung/王祖贤JoeyW...1987/香港/剧情爱情武侠古装,倩女幽魂,none,8.6
154152,https://movie.douban.com/subject/25814705/,114,https://img3.doubanio.com/view/photo/s_ratio_poster/public/p2221319641.jpg,导演:森淳一JunichiMori主演:桥本爱AiHashimoto/三浦贵大Takahir...2014/日本/剧情,小森林 夏秋篇,none,8.9
358425,https://movie.douban.com/subject/1302425/,115,https://img3.doubanio.com/view/photo/s_ratio_poster/public/p1043597424.jpg,导演:周星驰StephenChow/李力持Lik-ChiLee主演:周星驰StephenCh...1999/香港/喜剧剧情爱情,喜剧之王,none,8.6
315903,https://movie.douban.com/subject/2353023/,116,https://img1.doubanio.com/view/photo/s_ratio_poster/public/p450042258.jpg,导演:迪恩·德布洛斯DeanDeBlois/克里斯·桑德斯ChrisSanders主演:...2010/美国/喜剧动画奇幻冒险家庭,驯龙高手,none,8.7
206079,https://movie.douban.com/subject/1293359/,117,https://img3.doubanio.com/view/photo/s_ratio_poster/public/p751835224.jpg,导演:北野武TakeshiKitano主演:北野武TakeshiKitano/关口雄介Yus...1999/日本/剧情喜剧,菊次郎的夏天,none,8.7
246969,https://movie.douban.com/subject/1292274/,118,https://img3.doubanio.com/view/photo/s_ratio_poster/public/p792263736.jpg,导演:史蒂文·斯皮尔伯格StevenSpielberg主演:汤姆·汉克斯TomHanks...2004/美国/喜剧剧情爱情,幸福终点站,none,8.7
223848,https://movie.douban.com/subject/1293318/,119,https://img1.doubanio.com/view/photo/s_ratio_poster/public/p2237136718.jpg,导演:高畑勋IsaoTakahata主演:辰己努/白石绫乃/志乃原良子1988/日本/动画剧情战争,萤火虫之墓,none,8.7
240377,https://movie.douban.com/subject/4202302/,120,https://img3.doubanio.com/view/photo/s_ratio_poster/public/p617533616.jpg,导演:米林宏昌HiromasaYonebayashi主演:志田未来MiraiShida/神木...2010/日本/动画奇幻冒险,借东西的小人阿莉埃蒂,none,8.7
332060,https://movie.douban.com/subject/3792799/,121,https://img3.doubanio.com/view/photo/s_ratio_poster/public/p456666151.jpg,导演:罗启锐AlexLaw主演:吴君如SandraNg/任达华SimonYam/钟绍...2010/香港中国大陆/剧情家庭,岁月神偷,none,8.6
85658,https://movie.douban.com/subject/1295399/,122,https://img3.doubanio.com/view/photo/s_ratio_poster/public/p647099823.jpg,导演:黑泽明AkiraKurosawa主演:三船敏郎ToshirôMifune/志村乔...1954/日本/动作冒险剧情,七武士,none,9.2
230337,https://movie.douban.com/subject/1300299/,123,https://img1.doubanio.com/view/photo/s_ratio_poster/public/p480225538.jpg,导演:奉俊昊Joon-hoBong主演:宋康昊Kang-hoSong/金相庆Sang-kyun...2003/韩国/犯罪剧情悬疑惊悚,杀人回忆,none,8.7
421129,https://movie.douban.com/subject/3287562/,124,https://img1.doubanio.com/view/photo/s_ratio_poster/public/p792776858.jpg,导演:皮艾尔·柯芬PierreCoffin/克里斯·雷纳德ChrisRenaud主演:...2010/美国法国/喜剧动画冒险,神偷奶爸,none,8.5
155168,https://movie.douban.com/subject/1303037/,125,https://img3.doubanio.com/view/photo/s_ratio_poster/public/p2173713676.jpg,导演:李安AngLee主演:赵文瑄WinstonChao/郎雄SihungLung/归亚...1993/台湾美国/剧情喜剧爱情同性家庭,喜宴,none,8.8
425101,https://movie.douban.com/subject/2209573/,126,https://img3.doubanio.com/view/photo/s_ratio_poster/public/p2434249040.jpg,导演:丹尼·鲍尔DannyBoyle/洛芙琳·坦丹LoveleenTandan主演:戴夫...2008/英国美国/剧情爱情,贫民窟的百万富翁,none,8.5
216527,https://movie.douban.com/subject/1417598/,127,https://img3.doubanio.com/view/photo/s_ratio_poster/public/p2163771304.jpg,导演:詹姆斯·温JamesWan主演:雷·沃纳尔LeighWhannell/加利·艾...2004/美国/悬疑惊悚恐怖,电锯惊魂,none,8.7
340703,https://movie.douban.com/subject/1292401/,128,https://img3.doubanio.com/view/photo/s_ratio_poster/public/p475600770.jpg,导演:理查德·柯蒂斯RichardCurtis主演:休·格兰特HughGrant/柯林...2003/英国美国法国/喜剧剧情爱情,真爱至上,none,8.5
196933,https://movie.douban.com/subject/1578507/,129,https://img1.doubanio.com/view/photo/s_ratio_poster/public/p792223507.jpg,导演:保罗·格林格拉斯PaulGreengrass主演:马特·达蒙MattDamon/...2007/美国德国/动作悬疑惊悚,谍影重重3,none,8.7
104450,https://movie.douban.com/subject/3443389/,130,https://img3.doubanio.com/view/photo/s_ratio_poster/public/p497010372.jpg,导演:雅克·贝汉JacquesPerrin/雅克·克鲁奥德JacquesCluzaud主演:...2009/法国瑞士西班牙美国阿联酋/纪录片,海洋,none,9.0
276603,https://movie.douban.com/subject/1292328/,131,https://img3.doubanio.com/view/photo/s_ratio_poster/public/p1982176012.jpg,导演:王家卫KarWaiWong主演:张国荣LeslieCheung/张曼玉MaggieC...1994/香港台湾/剧情动作爱情武侠古装,东邪西毒,none,8.6
268030,https://movie.douban.com/subject/1291579/,132,https://img1.doubanio.com/view/photo/s_ratio_poster/public/p2513247938.jpg,导演:彼特·道格特PeteDocter/大卫·斯沃曼DavidSilverman主演:约...2001/美国/儿童喜剧动画奇幻冒险,怪兽电力公司,none,8.6
304163,https://movie.douban.com/subject/1304447/,133,https://img3.doubanio.com/view/photo/s_ratio_poster/public/p641688453.jpg,导演:克里斯托弗·诺兰ChristopherNolan主演:盖·皮尔斯GuyPearce/...2000/美国/犯罪剧情悬疑惊悚,记忆碎片,none,8.5
225361,https://movie.douban.com/subject/1291870/,134,https://img3.doubanio.com/view/photo/s_ratio_poster/public/p942376281.jpg,导演:巴瑞·莱文森BarryLevinson主演:达斯汀·霍夫曼DustinHoffman...1988/美国/剧情,雨人,none,8.6
453308,https://movie.douban.com/subject/1978709/,135,https://img3.doubanio.com/view/photo/s_ratio_poster/public/p719282906.jpg,导演:达伦·阿罗诺夫斯基DarrenAronofsky主演:娜塔莉·波特曼Natalie...2010/美国/剧情惊悚,黑天鹅,none,8.5
402710,https://movie.douban.com/subject/1907966/,136,https://img1.doubanio.com/view/photo/s_ratio_poster/public/p1867084027.jpg,导演:科克·德·米科KirkDeMicco/克里斯·桑德斯ChrisSanders主演...2013/美国/喜剧动画冒险,疯狂原始人,none,8.7
131922,https://movie.douban.com/subject/1291822/,137,https://img3.doubanio.com/view/photo/s_ratio_poster/public/p2159368352.jpg,导演:特瑞·乔治TerryGeorge主演:唐·钱德尔DonCheadle/苏菲·奥...2004/英国南非意大利美国/剧情历史战争,卢旺达饭店,none,8.9
157992,https://movie.douban.com/subject/1295865/,138,https://img1.doubanio.com/view/photo/s_ratio_poster/public/p1023654037.jpg,导演:爱德华·兹威克EdwardZwick主演:安东尼·霍普金斯AnthonyHopki...1994/美国/剧情爱情西部家庭,燃情岁月,none,8.7
115172,https://movie.douban.com/subject/1296909/,139,https://img3.doubanio.com/view/photo/s_ratio_poster/public/p2399597512.jpg,导演:杰拉尔·乌里GérardOury主演:路易·德·菲耐斯LouisdeFunès...1966/法国英国/喜剧战争,虎口脱险,none,8.9
188737,https://movie.douban.com/subject/1297574/,140,https://img1.doubanio.com/view/photo/s_ratio_poster/public/p2504997087.jpg,导演:吴宇森JohnWoo主演:周润发Yun-FatChow/狄龙LungTi/张国...1986/香港/动作犯罪,英雄本色,none,8.6
133593,https://movie.douban.com/subject/25814707/,141,https://img1.doubanio.com/view/photo/s_ratio_poster/public/p2215147728.jpg,导演:森淳一JunichiMori主演:桥本爱AiHashimoto/三浦贵大Takahir...2015/日本/剧情,小森林 冬春篇,none,8.9
197954,https://movie.douban.com/subject/10777687/,142,https://img3.doubanio.com/view/photo/s_ratio_poster/public/p1816276065.jpg,导演:李焕庆Hwan-kyeongLee主演:柳承龙Seung-yongRyoo/朴信惠Shi...2013/韩国/剧情喜剧家庭,7号房的礼物,none,8.7
300331,https://movie.douban.com/subject/3011235/,143,https://img3.doubanio.com/view/photo/s_ratio_poster/public/p917846733.jpg,导演:大卫·叶茨DavidYates主演:丹尼尔·雷德克里夫DanielRadcliffe...2011/美国英国/剧情悬疑奇幻冒险,哈利·波特与死亡圣器(下),none,8.7
200456,https://movie.douban.com/subject/25917973/,144,https://img3.doubanio.com/view/photo/s_ratio_poster/public/p2275298525.jpg,导演:忻钰坤YukunXin主演:霍卫民WeiminHuo/王笑天XiaotianWang...2014/中国大陆/剧情犯罪悬疑,心迷宫,none,8.6
332463,https://movie.douban.com/subject/1418200/,145,https://img3.doubanio.com/view/photo/s_ratio_poster/public/p452005185.jpg,导演:乔·怀特JoeWright主演:凯拉·奈特莉KeiraKnightley/马修·...2005/法国英国美国/剧情爱情,傲慢与偏见,none,8.5
160635,https://movie.douban.com/subject/24750126/,146,https://img3.doubanio.com/view/photo/s_ratio_poster/public/p2192834364.jpg,导演:达米安·斯兹弗隆DamiánSzifron主演:达里奥·葛兰帝内提Darío...2014/阿根廷西班牙/剧情喜剧犯罪,荒蛮故事,none,8.8
176860,https://movie.douban.com/subject/5989818/,147,https://img1.doubanio.com/view/photo/s_ratio_poster/public/p1272904657.jpg,导演:大森贵弘TakahiroOmori主演:佐仓绫音AyaneSakura/内山昂辉K...2011/日本/剧情爱情动画奇幻,萤火之森,none,8.7
220470,https://movie.douban.com/subject/25980443/,148,https://img1.doubanio.com/view/photo/s_ratio_poster/public/p2496940327.jpg,导演:肯尼斯·罗纳根KennethLonergan主演:卡西·阿弗莱克CaseyAffle...2016/美国/剧情家庭,海边的曼彻斯特,none,8.6
310610,https://movie.douban.com/subject/1309163/,149,https://img3.doubanio.com/view/photo/s_ratio_poster/public/p483604864.jpg,导演:尼克·卡索维茨NickCassavetes主演:瑞恩·高斯林RyanGosling/...2004/美国/剧情爱情,恋恋笔记本,none,8.5
90298,https://movie.douban.com/subject/1300992/,150,https://img3.doubanio.com/view/photo/s_ratio_poster/public/p792403691.jpg,导演:克林特·伊斯特伍德ClintEastwood主演:凯文·科斯特纳KevinCos...1993/美国/剧情犯罪,完美的世界,none,9.0
144215,https://movie.douban.com/subject/1294240/,151,https://img3.doubanio.com/view/photo/s_ratio_poster/public/p2169664351.jpg,导演:弗朗西斯·福特·科波拉FrancisFordCoppola主演:阿尔·帕西诺A...1990/美国/剧情犯罪,教父3,none,8.8
163468,https://movie.douban.com/subject/1295409/,152,https://img3.doubanio.com/view/photo/s_ratio_poster/public/p2272146906.jpg,导演:吴宇森JohnWoo主演:周润发Yun-FatChow/张国荣LeslieCheung...1991/香港/剧情喜剧动作犯罪,纵横四海,none,8.7
270212,https://movie.douban.com/subject/1291557/,153,https://img3.doubanio.com/view/photo/s_ratio_poster/public/p1910828286.jpg,导演:王家卫KarWaiWong主演:梁朝伟TonyLeungChiuWai/张曼玉Ma...2000/香港/剧情爱情,花样年华,none,8.5
207810,https://movie.douban.com/subject/1858711/,154,https://img1.doubanio.com/view/photo/s_ratio_poster/public/p1283675359.jpg,导演:李·昂克里奇LeeUnkrich主演:汤姆·汉克斯TomHanks/蒂姆·艾...2010/美国/喜剧动画奇幻冒险,玩具总动员3,none,8.8
198760,https://movie.douban.com/subject/26799731/,155,https://img3.doubanio.com/view/photo/s_ratio_poster/public/p2505525050.jpg,导演:卢卡·圭达尼诺LucaGuadagnino主演:蒂莫西·柴勒梅德Timothée...2017/意大利法国巴西美国/剧情爱情同性,请以你的名字呼唤我,none,8.8
265517,https://movie.douban.com/subject/1292528/,156,https://img1.doubanio.com/view/photo/s_ratio_poster/public/p513567548.jpg,导演:丹尼·博伊尔DannyBoyle主演:伊万·麦克格雷格EwanMcGregor/...1996/英国/犯罪剧情,猜火车,none,8.5
139002,https://movie.douban.com/subject/1293964/,157,https://img1.doubanio.com/view/photo/s_ratio_poster/public/p2351134499.jpg,导演:MervynLeRoy主演:VivienLeigh/RobertTaylor/LucileWatson1940/美国/剧情战争爱情,魂断蓝桥,none,8.8
200284,https://movie.douban.com/subject/1937946/,158,https://img3.doubanio.com/view/photo/s_ratio_poster/public/p2079334286.jpg,导演:细田守MamoruHosoda主演:仲里依纱RiisaNaka/石田卓也Takuya...2006/日本/剧情爱情科幻动画,穿越时空的少女,none,8.6
370066,https://movie.douban.com/subject/1306249/,159,https://img3.doubanio.com/view/photo/s_ratio_poster/public/p1946455272.jpg,导演:李力持Lik-ChiLee主演:周星驰StephenChow/巩俐LiGong/陈...1993/香港/喜剧爱情古装,唐伯虎点秋香,none,8.4
224853,https://movie.douban.com/subject/10577869/,160,https://img3.doubanio.com/view/photo/s_ratio_poster/public/p2070153774.jpg,导演:理查德·柯蒂斯RichardCurtis主演:多姆纳尔·格利森DomhnallGl...2013/英国/剧情爱情奇幻,时空恋旅人,none,8.6
409005,https://movie.douban.com/subject/11026735/,161,https://img1.doubanio.com/view/photo/s_ratio_poster/public/p2224568669.jpg,导演:唐·霍尔DonHall/克里斯·威廉姆斯ChrisWilliams主演:斯科特...2014/美国/喜剧动作科幻动画冒险,超能陆战队,none,8.6
100150,https://movie.douban.com/subject/1293460/,162,https://img3.doubanio.com/view/photo/s_ratio_poster/public/p1612355875.jpg,导演:StanleyDonen/GeneKelly主演:GeneKelly/DonaldO'Connor/...1952/美国/喜剧歌舞爱情,雨中曲,none,9.0
320299,https://movie.douban.com/subject/3395373/,163,https://img3.doubanio.com/view/photo/s_ratio_poster/public/p1706428744.jpg,导演:克里斯托弗·诺兰ChristopherNolan主演:克里斯蒂安·贝尔Christ...2012/美国英国/剧情动作科幻犯罪惊悚,蝙蝠侠：黑暗骑士崛起,none,8.6
114689,https://movie.douban.com/subject/26430107/,164,https://img1.doubanio.com/view/photo/s_ratio_poster/public/p2457609817.jpg,导演:郭柯KeGuo主演:2015/中国大陆/纪录片,二十二,none,8.7
114655,https://movie.douban.com/subject/1306861/,165,https://img3.doubanio.com/view/photo/s_ratio_poster/public/p652417775.jpg,导演:杰茜·尼尔森JessieNelson主演:SeanPenn/DakotaFanning/Mi...2001/美国/剧情家庭,我是山姆,none,8.8
206572,https://movie.douban.com/subject/1302827/,166,https://img1.doubanio.com/view/photo/s_ratio_poster/public/p792257137.jpg,导演:史蒂文·斯皮尔伯格StevenSpielberg主演:海利·乔·奥斯蒙Haley...2001/美国/冒险剧情科幻,人工智能,none,8.6
294961,https://movie.douban.com/subject/1291578/,167,https://img1.doubanio.com/view/photo/s_ratio_poster/public/p1910895719.jpg,导演:卡洛斯·沙尔丹哈CarlosSaldanha/克里斯·韦奇ChrisWedge主演...2002/美国/喜剧动画冒险,冰川时代,none,8.4
197967,https://movie.douban.com/subject/1793929/,168,https://img1.doubanio.com/view/photo/s_ratio_poster/public/p2166160837.jpg,导演:让-马克·瓦雷Jean-MarcVallée主演:马修·麦康纳MatthewMcCon...2013/美国/剧情传记同性,达拉斯买家俱乐部,none,8.7
143815,https://movie.douban.com/subject/2297265/,169,https://img3.doubanio.com/view/photo/s_ratio_poster/public/p1344888983.jpg,导演:丹尼斯·甘塞尔DennisGansel主演:尤尔根·沃格尔JürgenVogel...2008/德国/剧情惊悚,浪潮,none,8.7
295005,https://movie.douban.com/subject/2213597/,170,https://img1.doubanio.com/view/photo/s_ratio_poster/public/p1140984198.jpg,导演:史蒂芬·戴德利StephenDaldry主演:凯特·温丝莱特KateWinslet...2008/美国德国/剧情爱情,朗读者,none,8.5
298437,https://movie.douban.com/subject/1760622/,171,https://img1.doubanio.com/view/photo/s_ratio_poster/public/p470006658.jpg,导演:汤姆·提克威TomTykwer主演:本·卫肖BenWhishaw/艾伦·瑞克...2006/德国法国西班牙美国/剧情犯罪奇幻,香水,none,8.4
260335,https://movie.douban.com/subject/25773932/,172,https://img3.doubanio.com/view/photo/s_ratio_poster/public/p2220776342.jpg,导演:达米安·沙泽勒DamienChazelle主演:迈尔斯·特勒MilesTeller/...2014/美国/剧情音乐,爆裂鼓手,none,8.6
137402,https://movie.douban.com/subject/1291879/,173,https://img1.doubanio.com/view/photo/s_ratio_poster/public/p1864872647.jpg,导演:黑泽明AkiraKurosawa主演:三船敏郎ToshirôMifune/千秋实...1950/日本/犯罪剧情悬疑,罗生门,none,8.7
109452,https://movie.douban.com/subject/1395091/,174,https://img3.doubanio.com/view/photo/s_ratio_poster/public/p1351050722.jpg,导演:今敏SatoshiKon主演:岩男润子JunkoIwao/松本梨香RicaMatsu...1997/日本/动画奇幻惊悚,未麻的部屋,none,8.8
225620,https://movie.douban.com/subject/1305690/,175,https://img3.doubanio.com/view/photo/s_ratio_poster/public/p2525770523.jpg,导演:王家卫KarWaiWong主演:张国荣LeslieCheung/张曼玉MaggieC...1990/香港/犯罪剧情爱情,阿飞正传,none,8.5
142429,https://movie.douban.com/subject/5964718/,176,https://img3.doubanio.com/view/photo/s_ratio_poster/public/p2189835254.jpg,导演:阿斯哈·法哈蒂AsgharFarhadi主演:佩曼·莫阿迪PeymanMoadi/...2011/伊朗法国/剧情家庭,一次别离,none,8.7
88566,https://movie.douban.com/subject/1397546/,177,https://img1.doubanio.com/view/photo/s_ratio_poster/public/p1150103377.jpg,导演:克里斯托弗·诺兰ChristopherNolan主演:杰里米·西奥伯德Jeremy...1998/英国/犯罪悬疑惊悚,追随,none,8.9
139467,https://movie.douban.com/subject/1308857/,178,https://img3.doubanio.com/view/photo/s_ratio_poster/public/p2363208684.jpg,导演:陆川ChuanLu主演:多布杰Duobujie/张磊LeiZhang/亓亮QiL...2004/中国大陆香港/剧情犯罪,可可西里,none,8.7
185609,https://movie.douban.com/subject/1388216/,179,https://img3.doubanio.com/view/photo/s_ratio_poster/public/p2075132390.jpg,导演:保罗·哈吉斯PaulHaggis主演:桑德拉·布洛克SandraBullock/...2004/美国德国/犯罪剧情,撞车,none,8.6
357500,https://movie.douban.com/subject/3011051/,180,https://img3.doubanio.com/view/photo/s_ratio_poster/public/p462470694.jpg,导演:克里斯托弗·史密斯ChristopherSmith主演:梅利莎·乔治Melissa...2009/英国澳大利亚/剧情悬疑惊悚,恐怖游轮,none,8.3
279750,https://movie.douban.com/subject/6307447/,181,https://img1.doubanio.com/view/photo/s_ratio_poster/public/p1959232369.jpg,导演:昆汀·塔伦蒂诺QuentinTarantino主演:杰米·福克斯JamieFoxx/...2012/美国/剧情动作西部冒险,被解救的姜戈,none,8.6
186866,https://movie.douban.com/subject/1419936/,182,https://img3.doubanio.com/view/photo/s_ratio_poster/public/p453719066.jpg,导演:安德鲁·尼科尔AndrewNiccol主演:尼古拉斯·凯奇NicolasCage/...2005/美国法国/剧情犯罪,战争之王,none,8.6
93194,https://movie.douban.com/subject/2363506/,183,https://img3.doubanio.com/view/photo/s_ratio_poster/public/p1973489335.jpg,导演:阿米尔·汗AamirKhan主演:达席尔·萨法瑞DarsheelSafary/阿...2007/印度/剧情儿童家庭,地球上的星星,none,8.8
351125,https://movie.douban.com/subject/26325320/,184,https://img1.doubanio.com/view/photo/s_ratio_poster/public/p2398141939.jpg,导演:梅尔·吉布森MelGibson主演:安德鲁·加菲尔德AndrewGarfield/...2016/美国澳大利亚/剧情传记历史战争,血战钢锯岭,none,8.6
120139,https://movie.douban.com/subject/1292270/,185,https://img3.doubanio.com/view/photo/s_ratio_poster/public/p884936202.jpg,导演:达伦·阿伦诺夫斯基DarrenAronofsky主演:艾伦·伯斯汀EllenBur...2000/美国/剧情,梦之安魂曲,none,8.7
250326,https://movie.douban.com/subject/10533913/,186,https://img3.doubanio.com/view/photo/s_ratio_poster/public/p2266293606.jpg,导演:彼特·道格特PeteDocter/罗纳尔多·德尔·卡门RonaldoDelCarmen&nb...;2015/美国/喜剧动画冒险,头脑特工队,none,8.7
173054,https://movie.douban.com/subject/25724855/,187,https://img3.doubanio.com/view/photo/s_ratio_poster/public/p2259715855.jpg,导演:伦尼·阿伯拉罕森LennyAbrahamson主演:布丽·拉尔森BrieLarson...2015/爱尔兰加拿大英国美国/剧情家庭,房间,none,8.8
116603,https://movie.douban.com/subject/1292329/,188,https://img3.doubanio.com/view/photo/s_ratio_poster/public/p848381236.jpg,导演:杨德昌EdwardYang主演:张震ChenChang/杨静怡LisaYang/张...1991/台湾/剧情犯罪,牯岭街少年杀人事件,none,8.7
212366,https://movie.douban.com/subject/1307811/,189,https://img3.doubanio.com/view/photo/s_ratio_poster/public/p456676352.jpg,导演:宫崎骏HayaoMiyazaki主演:高山南MinamiTakayama/佐久间玲Re...1989/日本/动画奇幻冒险,魔女宅急便,none,8.5
206425,https://movie.douban.com/subject/1304102/,190,https://img3.doubanio.com/view/photo/s_ratio_poster/public/p1597183981.jpg,导演:道格·里曼DougLiman主演:马特·达蒙MattDamon/弗兰卡·波坦...2002/美国德国捷克/动作悬疑惊悚,谍影重重,none,8.5
171320,https://movie.douban.com/subject/1308767/,191,https://img3.doubanio.com/view/photo/s_ratio_poster/public/p667644866.jpg,导演:保罗·格林格拉斯PaulGreengrass主演:马特·达蒙MattDamon/...2004/美国德国/动作悬疑惊悚,谍影重重2,none,8.6
91236,https://movie.douban.com/subject/1293181/,192,https://img3.doubanio.com/view/photo/s_ratio_poster/public/p1021883305.jpg,导演:AlfredHitchcock主演:JanetLeigh/AnthonyPerkins/VeraMiles1960/美国/悬疑惊悚恐怖,惊魂记,none,8.9
66482,https://movie.douban.com/subject/1959195/,193,https://img3.doubanio.com/view/photo/s_ratio_poster/public/p2297934945.jpg,导演:SeijirôKôyama主演:山本圭KeiYamamoto/井川比佐志Hisa...1987/日本/剧情,忠犬八公物语,none,9.0
278090,https://movie.douban.com/subject/10463953/,194,https://img3.doubanio.com/view/photo/s_ratio_poster/public/p2255040492.jpg,导演:莫腾·泰杜姆MortenTyldum主演:本尼迪克特·康伯巴奇BenedictC...2014/英国美国/剧情传记战争同性,模仿游戏,none,8.6
239892,https://movie.douban.com/subject/1303394/,195,https://img3.doubanio.com/view/photo/s_ratio_poster/public/p584021784.jpg,导演:徐克HarkTsui主演:张曼玉MaggieCheung/王祖贤JoeyWang/...1993/香港/剧情奇幻古装,青蛇,none,8.4
69396,https://movie.douban.com/subject/1292337/,196,https://img3.doubanio.com/view/photo/s_ratio_poster/public/p661160053.jpg,导演:是枝裕和HirokazuKoreeda主演:柳乐优弥YûyaYagira/北浦爱...2004/日本/剧情,无人知晓,none,9.0
187231,https://movie.douban.com/subject/6874403/,197,https://img3.doubanio.com/view/photo/s_ratio_poster/public/p2250287733.jpg,导演:约翰·卡尼JohnCarney主演:凯拉·奈特莉KeiraKnightley/马克...2013/美国/喜剧爱情音乐,再次出发之纽约遇见你,none,8.5
55845,https://movie.douban.com/subject/1291568/,198,https://img3.doubanio.com/view/photo/s_ratio_poster/public/p1910832390.jpg,导演:小津安二郎YasujirôOzu主演:笠智众ChishûRyû/原节...1953/日本/剧情家庭,东京物语,none,9.2
88165,https://movie.douban.com/subject/1307315/,199,https://img3.doubanio.com/view/photo/s_ratio_poster/public/p2516566783.jpg,导演:严定宪DingxianYan/王树忱ShuchenWang主演:梁正晖Zhenghui...1979/中国大陆/冒险动画奇幻,哪吒闹海,none,8.9
134871,https://movie.douban.com/subject/26628357/,200,https://img3.doubanio.com/view/photo/s_ratio_poster/public/p2406624993.jpg,导演:汉内斯·赫尔姆HannesHolm主演:罗夫·拉斯加德RolfLassgård...2015/瑞典/剧情,一个叫欧维的男人决定去死,none,8.7
524430,https://movie.douban.com/subject/26683290/,201,https://img1.doubanio.com/view/photo/s_ratio_poster/public/p2395733377.jpg,导演:新海诚MakotoShinkai主演:神木隆之介RyûnosukeKamiki/上...2016/日本/剧情爱情动画,你的名字。,none,8.4
221454,https://movie.douban.com/subject/26614893/,202,https://img3.doubanio.com/view/photo/s_ratio_poster/public/p2522331945.jpg,导演:保罗·格诺维瑟PaoloGenovese主演:马可·贾利尼MarcoGiallini...2016/意大利/剧情喜剧,完美陌生人,none,8.6
112226,https://movie.douban.com/subject/1300960/,203,https://img3.doubanio.com/view/photo/s_ratio_poster/public/p455722535.jpg,导演:LucBesson主演:让-马克·巴尔Jean-MarcBarr/让·雷诺JeanRe...1988/法国美国意大利/剧情爱情,碧海蓝天,none,8.7
178328,https://movie.douban.com/subject/26393561/,204,https://img3.doubanio.com/view/photo/s_ratio_poster/public/p2510956726.jpg,导演:卡比尔·汗KabirKhan主演:萨尔曼·汗SalmanKhan/哈莎莉·马...2015/印度/剧情喜剧动作,小萝莉的猴神大叔,none,8.5
436008,https://movie.douban.com/subject/3075287/,205,https://img3.doubanio.com/view/photo/s_ratio_poster/public/p988260245.jpg,导演:邓肯·琼斯DuncanJones主演:杰克·吉伦哈尔JakeGyllenhaal/...2011/美国加拿大/科幻悬疑惊悚,源代码,none,8.3
113266,https://movie.douban.com/subject/1291992/,206,https://img3.doubanio.com/view/photo/s_ratio_poster/public/p794583044.jpg,导演:雷德利·斯科特RidleyScott主演:吉娜·戴维斯GeenaDavis/苏...1991/美国法国/犯罪剧情惊悚,末路狂花,none,8.7
151668,https://movie.douban.com/subject/1291844/,207,https://img3.doubanio.com/view/photo/s_ratio_poster/public/p1910909085.jpg,导演:詹姆斯·卡梅隆JamesCameron主演:阿诺·施瓦辛格ArnoldSchwarz...1991/美国法国/动作科幻,终结者2：审判日,none,8.6
168751,https://movie.douban.com/subject/1302467/,208,https://img1.doubanio.com/view/photo/s_ratio_poster/public/p443461818.jpg,导演:AndyWachowski/LarryWachowski主演:KeanuReeves/LaurenceF...2003/美国澳大利亚/动作科幻,黑客帝国3：矩阵革命,none,8.5
323342,https://movie.douban.com/subject/2043546/,209,https://img3.doubanio.com/view/photo/s_ratio_poster/public/p982896012.jpg,导演:新海诚MakotoShinkai主演:水桥研二KenjiMizuhashi/近藤好美...2007/日本/动画剧情爱情,秒速5厘米,none,8.3
199361,https://movie.douban.com/subject/1292287/,210,https://img1.doubanio.com/view/photo/s_ratio_poster/public/p1421018669.jpg,导演:李惠民RaymondLee主演:张曼玉MaggieCheung/林青霞Brigitte...1992/香港中国大陆/剧情动作武侠古装,新龙门客栈,none,8.5
114565,https://movie.douban.com/subject/1300374/,211,https://img3.doubanio.com/view/photo/s_ratio_poster/public/p767586451.jpg,导演:FrankDarabont主演:汤姆·汉克斯TomHanks/大卫·摩斯DavidM...1999/美国/犯罪剧情奇幻悬疑,绿里奇迹,none,8.7
173127,https://movie.douban.com/subject/3007773/,212,https://img3.doubanio.com/view/photo/s_ratio_poster/public/p769608791.jpg,导演:理查德·柯蒂斯RichardCurtis主演:比尔·奈伊BillNighy/肯尼...2009/英国德国法国/剧情喜剧音乐,海盗电台,none,8.6
196685,https://movie.douban.com/subject/2300586/,213,https://img3.doubanio.com/view/photo/s_ratio_poster/public/p513303986.jpg,导演:理查德·沙因克曼RichardSchenkman主演:大卫·李·史密斯David...2007/美国/剧情科幻,这个男人来自地球,none,8.5
150783,https://movie.douban.com/subject/1292728/,214,https://img3.doubanio.com/view/photo/s_ratio_poster/public/p636048104.jpg,导演:迈克尔·贝MichaelBay主演:肖恩·康纳利SeanConnery/尼古拉...1996/美国/动作冒险,勇闯夺命岛,none,8.6
48393,https://movie.douban.com/subject/1293908/,215,https://img3.doubanio.com/view/photo/s_ratio_poster/public/p2099815842.jpg,导演:CharlesChaplin主演:查理·卓别林CharlesChaplin/弗吉尼亚·...1931/美国/喜剧剧情爱情,城市之光,none,9.2
133087,https://movie.douban.com/subject/1296753/,216,https://img3.doubanio.com/view/photo/s_ratio_poster/public/p1244791866.jpg,导演:MichaelCurtiz主演:亨弗莱·鲍嘉HumphreyBogart/英格丽·褒曼...1942/美国/剧情爱情战争,卡萨布兰卡,none,8.6
238405,https://movie.douban.com/subject/1438652/,217,https://img3.doubanio.com/view/photo/s_ratio_poster/public/p770734475.jpg,导演:QuentinTarantino主演:布拉德·皮特BradPitt/梅拉尼·罗兰M...2009/美国德国/剧情犯罪,无耻混蛋,none,8.4
494994,https://movie.douban.com/subject/4739952/,218,https://img3.doubanio.com/view/photo/s_ratio_poster/public/p1505312273.jpg,导演:普特鹏·普罗萨卡·那·萨克那卡林PuttipongPromsakaNaSakolnakorn/华森·波克彭...2010/泰国/剧情喜剧爱情,初恋这件小事,none,8.3
227599,https://movie.douban.com/subject/1292659/,219,https://img3.doubanio.com/view/photo/s_ratio_poster/public/p2173855883.jpg,导演:吴宇森JohnWoo主演:约翰·特拉沃尔塔JohnTravolta/尼古拉斯...1997/美国/动作科幻犯罪惊悚,变脸,none,8.4
164757,https://movie.douban.com/subject/1294638/,220,https://img3.doubanio.com/view/photo/s_ratio_poster/public/p984732992.jpg,导演:StevenSpielberg主演:HenryThomas/DeeWallace/RobertMacNa...1982/美国/剧情科幻,E.T. 外星人,none,8.5
197552,https://movie.douban.com/subject/1292233/,221,https://img3.doubanio.com/view/photo/s_ratio_poster/public/p529908155.jpg,导演:StanleyKubrick主演:MalcolmMcDowell/PatrickMagee/Michael...1971/英国美国/犯罪剧情科幻,发条橙,none,8.4
126542,https://movie.douban.com/subject/10808442/,222,https://img1.doubanio.com/view/photo/s_ratio_poster/public/p2074715729.jpg,导演:理查德·林克莱特RichardLinklater主演:伊桑·霍克EthanHawke...2013/美国/剧情爱情,爱在午夜降临前,none,8.8
55618,https://movie.douban.com/subject/1401118/,223,https://img1.doubanio.com/view/photo/s_ratio_poster/public/p2101693489.jpg,导演:SergioLeone主演:ClintEastwood/EliWallach/LeeVanCleef1966/意大利西班牙西德/冒险西部,黄金三镖客,none,9.1
197125,https://movie.douban.com/subject/1292062/,224,https://img3.doubanio.com/view/photo/s_ratio_poster/public/p571671715.jpg,导演:萨姆·门德斯SamMendes主演:凯文·史派西KevinSpacey/安妮特...1999/美国/剧情爱情家庭,美国丽人,none,8.4
135399,https://movie.douban.com/subject/1905462/,225,https://img1.doubanio.com/view/photo/s_ratio_poster/public/p465687407.jpg,导演:西恩·潘SeanPenn主演:埃米尔·赫斯基EmileHirsch/马西娅·...2007/美国/冒险传记剧情,荒野生存,none,8.6
54103,https://movie.douban.com/subject/1292281/,226,https://img1.doubanio.com/view/photo/s_ratio_poster/public/p2238274168.jpg,导演:雅克·贝汉JacquesPerrin/雅克·克鲁奥德JacquesCluzaud主演:...2001/法国德国意大利西班牙瑞士/纪录片,迁徙的鸟,none,9.1
198624,https://movie.douban.com/subject/6534248/,227,https://img3.doubanio.com/view/photo/s_ratio_poster/public/p1735642656.jpg,导演:瑞奇·莫尔RichMoore主演:约翰·C·赖利JohnC.Reilly/萨拉...2012/美国/喜剧动画奇幻冒险,无敌破坏王,none,8.6
342275,https://movie.douban.com/subject/1862151/,228,https://img3.doubanio.com/view/photo/s_ratio_poster/public/p712241453.jpg,导演:宁浩HaoNing主演:郭涛TaoGuo/刘桦HuaLiu/连晋TeddyLin2006/中国大陆香港/喜剧犯罪,疯狂的石头,none,8.3
86427,https://movie.douban.com/subject/2222996/,229,https://img1.doubanio.com/view/photo/s_ratio_poster/public/p672446737.jpg,导演:是枝裕和HirokazuKoreeda主演:阿部宽HiroshiAbe/夏川结衣Yu...2008/日本/剧情家庭,步履不停,none,8.8
182584,https://movie.douban.com/subject/1291853/,230,https://img3.doubanio.com/view/photo/s_ratio_poster/public/p2408623752.jpg,导演:安东尼·明格拉AnthonyMinghella主演:拉尔夫·费因斯RalphFien...1996/美国英国/爱情剧情战争,英国病人,none,8.4
112312,https://movie.douban.com/subject/1307793/,231,https://img3.doubanio.com/view/photo/s_ratio_poster/public/p532195562.jpg,导演:岩井俊二ShunjiIwai主演:恰拉Chara/伊藤步AyumiIto/三上...1996/日本/犯罪剧情,燕尾蝶,none,8.6
124275,https://movie.douban.com/subject/1292214/,232,https://img3.doubanio.com/view/photo/s_ratio_poster/public/p470383576.jpg,导演:布莱恩·辛格BryanSinger主演:史蒂芬·鲍德温StephenBaldwin/...1995/德国美国/剧情犯罪悬疑惊悚,非常嫌疑犯,none,8.6
198051,https://movie.douban.com/subject/25807345/,233,https://img3.doubanio.com/view/photo/s_ratio_poster/public/p2187896711.jpg,导演:詹姆斯·沃德·布柯特JamesWardByrkit主演:艾米丽·芭尔多尼Em...2013/美国英国/科幻悬疑惊悚,彗星来的那一夜,none,8.4
361881,https://movie.douban.com/subject/4023638/,234,https://img1.doubanio.com/view/photo/s_ratio_poster/public/p768879237.jpg,导演:汤姆·霍珀TomHooper主演:柯林·菲尔斯ColinFirth/杰弗里·...2010/英国澳大利亚美国/剧情传记历史,国王的演讲,none,8.3
92531,https://movie.douban.com/subject/3217169/,235,https://img3.doubanio.com/view/photo/s_ratio_poster/public/p1145536386.jpg,导演:加文·欧康诺GavinO'Connor主演:汤姆·哈迪TomHardy/乔尔·...2011/美国/剧情运动家庭,勇士,none,8.9
143229,https://movie.douban.com/subject/1428175/,236,https://img3.doubanio.com/view/photo/s_ratio_poster/public/p1244017073.jpg,导演:爱德华·兹威克EdwardZwick主演:莱昂纳多·迪卡普里奥Leonardo...2006/美国德国/剧情惊悚冒险,血钻,none,8.5
115232,https://movie.douban.com/subject/4798888/,237,https://img1.doubanio.com/view/photo/s_ratio_poster/public/p628364149.jpg,导演:彼得·维纳PeterWerner主演:詹姆斯·沃克JamesWolk/特里特·...2008/美国/剧情传记,叫我第一名,none,8.6
142562,https://movie.douban.com/subject/25895901/,238,https://img1.doubanio.com/view/photo/s_ratio_poster/public/p2232247487.jpg,导演:是枝裕和HirokazuKoreeda主演:绫濑遥HarukaAyase/长泽雅美M...2015/日本/剧情家庭,海街日记,none,8.6
249474,https://movie.douban.com/subject/1292217/,239,https://img3.doubanio.com/view/photo/s_ratio_poster/public/p792248233.jpg,导演:大卫·林奇DavidLynch主演:娜奥米·沃茨NaomiWatts/劳拉·哈...2001/法国美国/剧情悬疑惊悚,穆赫兰道,none,8.3
138129,https://movie.douban.com/subject/25954475/,240,https://img1.doubanio.com/view/photo/s_ratio_poster/public/p2263822658.jpg,导演:托马斯·麦卡锡ThomasMcCarthy主演:马克·鲁弗洛MarkRuffalo/...2015/美国/剧情传记,聚焦,none,8.8
101580,https://movie.douban.com/subject/1297478/,241,https://img1.doubanio.com/view/photo/s_ratio_poster/public/p2173719647.jpg,导演:JamieUys主演:MariusWeyers/SandraPrinsloo/N!xau1980/博茨瓦纳南非/喜剧,上帝也疯狂,none,8.6
106778,https://movie.douban.com/subject/1300741/,242,https://img3.doubanio.com/view/photo/s_ratio_poster/public/p1538646661.jpg,导演:杜琪峰JohnnieTo主演:吴镇宇FrancisNg/任达华SimonYam/...1999/香港/剧情动作犯罪,枪火,none,8.6
62629,https://movie.douban.com/subject/5908478/,243,https://img1.doubanio.com/view/photo/s_ratio_poster/public/p1075591188.jpg,导演:秋昌民Chang-minChoo主演:宋在河Jae-hoSong/李顺载Soon-jae...2011/韩国/剧情爱情,我爱你,none,9.0
139996,https://movie.douban.com/subject/1867345/,244,https://img3.doubanio.com/view/photo/s_ratio_poster/public/p708613284.jpg,导演:罗伯·莱纳RobReiner主演:杰克·尼科尔森JackNicholson/摩根...2007/美国/冒险喜剧剧情,遗愿清单,none,8.5
125129,https://movie.douban.com/subject/1291824/,245,https://img3.doubanio.com/view/photo/s_ratio_poster/public/p1910900710.jpg,导演:雷德利·斯科特RidleyScott主演:乔什·哈奈特JoshHartnett/...2001/美国/动作历史战争,黑鹰坠落,none,8.5
144209,https://movie.douban.com/subject/1298653/,246,https://img1.doubanio.com/view/photo/s_ratio_poster/public/p2207673537.jpg,导演:罗伯特·泽米吉斯RobertZemeckis主演:汤姆·汉克斯TomHanks/...2000/美国/冒险剧情,荒岛余生,none,8.5
101546,https://movie.douban.com/subject/1305725/,247,https://img1.doubanio.com/view/photo/s_ratio_poster/public/p2186861098.jpg,导演:AlanParker主演:凯文·史派西KevinSpacey/凯特·温丝莱特Kat...2003/美国德国英国/剧情犯罪悬疑,大卫·戈尔的一生,none,8.6
93089,https://movie.douban.com/subject/1300117/,248,https://img3.doubanio.com/view/photo/s_ratio_poster/public/p2195672555.jpg,导演:安德鲁·尼科尔AndrewNiccol主演:伊桑·霍克EthanHawke/乌玛...1997/美国/剧情科幻,千钧一发,none,8.7
284438,https://movie.douban.com/subject/1308575/,249,https://img3.doubanio.com/view/photo/s_ratio_poster/public/p584822570.jpg,导演:易智言Chih-yenYee主演:陈柏霖Bo-linChen/桂纶镁LunmeiKwa...2002/台湾法国/剧情爱情同性,蓝色大门,none,8.3
50433,https://movie.douban.com/subject/1299361/,250,https://img3.doubanio.com/view/photo/s_ratio_poster/public/p2107418134.jpg,导演:李廷香Jeong-hyangLee主演:金艺芬Eul-boonKim/俞承豪Seung-...2002/韩国/剧情家庭,爱·回家,none,9.0
